-- ======================================================
-- 景区停车引导系统 - 测试数据
-- ======================================================
-- 测试账号：
--   管理员: admin / admin123
--   游客:   user1 / 123456,  user2 / 123456,  user3 / 123456
--   (密码均为 BCrypt 加密)
-- ======================================================

SET NAMES utf8mb4;
SET CHARACTER SET utf8mb4;

USE `parking_system`;

-- ----------------------------
-- 1. 用户数据（密码: admin123 和 123456 的 BCrypt 加密值）
-- ----------------------------
INSERT INTO `sys_user` (`id`, `username`, `password`, `nickname`, `phone`, `email`, `avatar`, `role`, `status`, `created_at`) VALUES
(1, 'admin', '$2a$10$kqtR1DkIBL3mwZIq4Qn7kePO3jDjDsoIIoTAs.tQ9nKXK4wrZklCC', '系统管理员', '13800000001', 'admin@parking.com', '', 'ADMIN', 1, '2025-10-01 08:00:00'),
(2, 'user1', '$2a$10$EE3ZPMJfGAkRBcrI1.pX4urSYZ6PwKOZvJge/Fg9iDuaXvgEdNKFK', '张三', '13900000001', 'zhangsan@qq.com', '', 'USER', 1, '2025-10-05 10:30:00'),
(3, 'user2', '$2a$10$EE3ZPMJfGAkRBcrI1.pX4urSYZ6PwKOZvJge/Fg9iDuaXvgEdNKFK', '李四', '13900000002', 'lisi@qq.com', '', 'USER', 1, '2025-10-08 14:20:00'),
(4, 'user3', '$2a$10$EE3ZPMJfGAkRBcrI1.pX4urSYZ6PwKOZvJge/Fg9iDuaXvgEdNKFK', '王五', '13900000003', 'wangwu@qq.com', '', 'USER', 1, '2025-10-12 09:15:00'),
(5, 'user4', '$2a$10$EE3ZPMJfGAkRBcrI1.pX4urSYZ6PwKOZvJge/Fg9iDuaXvgEdNKFK', '赵六', '13900000004', 'zhaoliu@qq.com', '', 'USER', 1, '2025-10-15 11:00:00'),
(6, 'user5', '$2a$10$EE3ZPMJfGAkRBcrI1.pX4urSYZ6PwKOZvJge/Fg9iDuaXvgEdNKFK', '孙七', '13900000005', 'sunqi@qq.com', '', 'USER', 1, '2025-10-20 16:45:00'),
(7, 'user6', '$2a$10$EE3ZPMJfGAkRBcrI1.pX4urSYZ6PwKOZvJge/Fg9iDuaXvgEdNKFK', '周八', '13900000006', 'zhouba@qq.com', '', 'USER', 1, '2025-11-01 08:30:00'),
(8, 'user7', '$2a$10$EE3ZPMJfGAkRBcrI1.pX4urSYZ6PwKOZvJge/Fg9iDuaXvgEdNKFK', '吴九', '13900000007', 'wujiu@qq.com', '', 'USER', 1, '2025-11-05 13:20:00'),
(9, 'user8', '$2a$10$EE3ZPMJfGAkRBcrI1.pX4urSYZ6PwKOZvJge/Fg9iDuaXvgEdNKFK', '郑十', '13900000008', 'zhengshi@qq.com', '', 'USER', 1, '2025-11-10 10:00:00'),
(10, 'user9', '$2a$10$EE3ZPMJfGAkRBcrI1.pX4urSYZ6PwKOZvJge/Fg9iDuaXvgEdNKFK', '陈丽', '13900000009', 'chenli@qq.com', '', 'USER', 1, '2025-11-15 09:30:00'),
(11, 'manager1', '$2a$10$kqtR1DkIBL3mwZIq4Qn7kePO3jDjDsoIIoTAs.tQ9nKXK4wrZklCC', '停车场经理', '13800000002', 'manager@parking.com', '', 'ADMIN', 1, '2025-10-02 09:00:00');

-- ----------------------------
-- 2. 停车场数据
-- ----------------------------
INSERT INTO `parking_lot` (`id`, `name`, `address`, `longitude`, `latitude`, `total_spaces`, `available_spaces`, `image`, `description`, `open_time`, `close_time`, `contact_phone`, `status`, `created_at`) VALUES
(1, '龙门石窟东停车场', '河南省洛阳市洛龙区龙门大道东侧', 112.4697000, 34.5671000, 200, 120, '', '龙门石窟景区东侧主停车场，距景区入口约500米，交通便利', '06:00', '22:00', '0379-65990000', 1, '2025-09-15 10:00:00'),
(2, '龙门石窟西停车场', '河南省洛阳市洛龙区龙门大道西侧', 112.4580000, 34.5665000, 150, 85, '', '龙门石窟景区西侧停车场，靠近香山寺，环境优美', '06:00', '22:00', '0379-65990001', 1, '2025-09-15 10:30:00'),
(3, '龙门石窟南停车场', '河南省洛阳市洛龙区伊滨路南侧', 112.4650000, 34.5620000, 100, 45, '', '南侧小型停车场，适合自驾游旅客', '07:00', '21:00', '0379-65990002', 1, '2025-09-16 08:00:00'),
(4, '白马寺停车场', '河南省洛阳市洛龙区白马寺镇', 112.5730000, 34.7230000, 120, 78, '', '白马寺景区专用停车场，距白马寺正门200米', '07:00', '18:00', '0379-63781065', 1, '2025-09-18 09:00:00'),
(5, '关林停车场', '河南省洛阳市洛龙区关林路', 112.4520000, 34.6120000, 80, 52, '', '关林景区停车场，车位充足', '08:00', '18:00', '0379-65951746', 1, '2025-09-20 10:00:00'),
(6, '隋唐遗址公园停车场', '河南省洛阳市洛龙区聂泰路', 112.4250000, 34.6350000, 180, 102, '', '隋唐城遗址国家考古公园停车场，免费开放', '06:30', '21:30', '0379-69869999', 1, '2025-09-22 11:00:00'),
(7, '洛阳博物馆停车场', '河南省洛阳市洛龙区聂泰路', 112.4180000, 34.6280000, 160, 95, '', '洛阳博物馆地下停车场，全天候可用', '00:00', '23:59', '0379-69901020', 1, '2025-09-25 08:30:00'),
(8, '老君山游客中心停车场', '河南省洛阳市栾川县七里坪村', 111.6500000, 33.7560000, 300, 180, '', '老君山景区大型游客中心停车场', '06:00', '20:00', '0379-66838888', 1, '2025-09-28 09:00:00'),
(9, '龙潭大峡谷停车场', '河南省洛阳市新安县石井镇', 111.9200000, 34.8300000, 100, 60, '', '龙潭大峡谷景区入口停车场', '07:30', '18:30', '0379-67134180', 2, '2025-10-01 10:00:00'),
(10, '洛阳古城停车场', '河南省洛阳市老城区东大街', 112.4680000, 34.6830000, 90, 30, '', '洛阳古城旅游区地下停车场', '00:00', '23:59', '0379-63952222', 1, '2025-10-05 14:00:00');

-- ----------------------------
-- 3. 车位数据（每个停车场选取部分车位）
-- ----------------------------
INSERT INTO `parking_space` (`lot_id`, `space_no`, `type`, `floor`, `area`, `status`) VALUES
-- 龙门石窟东停车场
(1, 'A-001', 1, 'A区', '东侧', 0), (1, 'A-002', 1, 'A区', '东侧', 0), (1, 'A-003', 1, 'A区', '东侧', 1),
(1, 'A-004', 1, 'A区', '东侧', 0), (1, 'A-005', 2, 'A区', 'VIP区', 0), (1, 'A-006', 2, 'A区', 'VIP区', 2),
(1, 'B-001', 1, 'B区', '西侧', 0), (1, 'B-002', 1, 'B区', '西侧', 1), (1, 'B-003', 1, 'B区', '西侧', 0),
(1, 'B-004', 3, 'B区', '无障碍', 0), (1, 'B-005', 4, 'B区', '充电桩', 0), (1, 'B-006', 1, 'B区', '西侧', 0),
(1, 'C-001', 1, 'C区', '南侧', 0), (1, 'C-002', 1, 'C区', '南侧', 1), (1, 'C-003', 1, 'C区', '南侧', 0),
-- 龙门石窟西停车场
(2, 'A-001', 1, 'A区', '入口处', 0), (2, 'A-002', 1, 'A区', '入口处', 1), (2, 'A-003', 1, 'A区', '入口处', 0),
(2, 'A-004', 2, 'A区', 'VIP区', 0), (2, 'B-001', 1, 'B区', '中央', 0), (2, 'B-002', 1, 'B区', '中央', 2),
(2, 'B-003', 1, 'B区', '中央', 0), (2, 'B-004', 3, 'B区', '无障碍', 0), (2, 'C-001', 4, 'C区', '充电桩', 0),
-- 白马寺停车场
(4, 'P-001', 1, '地面', '主区域', 0), (4, 'P-002', 1, '地面', '主区域', 1), (4, 'P-003', 1, '地面', '主区域', 0),
(4, 'P-004', 2, '地面', 'VIP', 0), (4, 'P-005', 1, '地面', '主区域', 0), (4, 'P-006', 1, '地面', '主区域', 2),
-- 关林停车场
(5, 'K-001', 1, '地面', '东区', 0), (5, 'K-002', 1, '地面', '东区', 0), (5, 'K-003', 1, '地面', '西区', 1),
-- 隋唐遗址公园停车场
(6, 'S-001', 1, 'A区', '北门', 0), (6, 'S-002', 1, 'A区', '北门', 0), (6, 'S-003', 1, 'A区', '北门', 1),
(6, 'S-004', 2, 'B区', 'VIP', 0), (6, 'S-005', 1, 'B区', '南门', 0), (6, 'S-006', 4, 'B区', '充电桩', 0),
-- 洛阳博物馆停车场
(7, 'B1-001', 1, 'B1', '地下一层', 0), (7, 'B1-002', 1, 'B1', '地下一层', 1), (7, 'B1-003', 1, 'B1', '地下一层', 0),
(7, 'B2-001', 1, 'B2', '地下二层', 0), (7, 'B2-002', 1, 'B2', '地下二层', 0),
-- 老君山游客中心停车场
(8, 'L-001', 1, 'A区', '入口', 0), (8, 'L-002', 1, 'A区', '入口', 0), (8, 'L-003', 1, 'A区', '入口', 1),
(8, 'L-004', 1, 'B区', '远端', 0), (8, 'L-005', 2, 'B区', 'VIP', 0);

-- ----------------------------
-- 4. 车辆数据
-- ----------------------------
INSERT INTO `vehicle` (`id`, `user_id`, `plate_number`, `brand`, `model`, `color`, `is_default`) VALUES
(1, 2, '豫A12345', '大众', '帕萨特', '白色', 1),
(2, 2, '豫A67890', '丰田', '卡罗拉', '黑色', 0),
(3, 3, '豫C11111', '本田', '思域', '银色', 1),
(4, 4, '豫A22222', '宝马', '3系', '蓝色', 1),
(5, 5, '豫B33333', '奔驰', 'C级', '黑色', 1),
(6, 6, '豫A44444', '奥迪', 'A4', '灰色', 1),
(7, 7, '豫D55555', '特斯拉', 'Model 3', '白色', 1),
(8, 8, '豫A66666', '比亚迪', '汉', '红色', 1),
(9, 9, '豫C77777', '蔚来', 'ES6', '蓝色', 1),
(10, 10, '豫A88888', '小鹏', 'P7', '银色', 1),
(11, 5, '豫B99999', '丰田', '凯美瑞', '白色', 0),
(12, 7, '豫D00001', '宝马', '5系', '黑色', 0);

-- ----------------------------
-- 5. 计费规则数据
-- ----------------------------
INSERT INTO `billing_rule` (`id`, `lot_id`, `name`, `rule_type`, `first_hour_price`, `extra_hour_price`, `daily_max`, `free_minutes`, `flat_price`, `status`, `created_at`) VALUES
(1, NULL, '全局默认计费规则', 1, 5.00, 3.00, 30.00, 15, 0.00, 1, '2025-09-15 10:00:00'),
(2, 1, '龙门石窟东-旺季计费', 1, 8.00, 5.00, 50.00, 15, 0.00, 1, '2025-09-15 10:00:00'),
(3, 2, '龙门石窟西-标准计费', 1, 6.00, 4.00, 40.00, 15, 0.00, 1, '2025-09-15 10:30:00'),
(4, 4, '白马寺-标准计费', 1, 5.00, 3.00, 25.00, 20, 0.00, 1, '2025-09-18 09:00:00'),
(5, 8, '老君山-按次计费', 2, 0.00, 0.00, 0.00, 0, 20.00, 1, '2025-09-28 09:00:00'),
(6, 6, '隋唐遗址-免费', 1, 0.00, 0.00, 0.00, 480, 0.00, 1, '2025-09-22 11:00:00'),
(7, 7, '洛阳博物馆-标准计费', 1, 4.00, 2.00, 20.00, 30, 0.00, 1, '2025-09-25 08:30:00');

-- ----------------------------
-- 6. 优惠券数据
-- ----------------------------
INSERT INTO `coupon` (`id`, `name`, `type`, `discount_value`, `min_amount`, `start_time`, `end_time`, `total_count`, `used_count`, `remaining_count`, `status`, `created_at`) VALUES
(1, '新用户首停减5元', 1, 5.00, 10.00, '2025-10-01 00:00:00', '2026-12-31 23:59:59', 1000, 120, 880, 1, '2025-10-01 00:00:00'),
(2, '国庆特惠8折券', 2, 0.80, 20.00, '2025-10-01 00:00:00', '2025-10-07 23:59:59', 500, 350, 150, 1, '2025-09-25 00:00:00'),
(3, '春节免费停车2小时', 3, 120.00, 0.00, '2026-01-28 00:00:00', '2026-02-12 23:59:59', 800, 200, 600, 1, '2026-01-20 00:00:00'),
(4, '冬季停车满30减10', 1, 10.00, 30.00, '2025-12-01 00:00:00', '2026-02-28 23:59:59', 600, 180, 420, 1, '2025-11-25 00:00:00'),
(5, '会员专享95折', 2, 0.95, 0.00, '2025-10-01 00:00:00', '2026-12-31 23:59:59', 200, 45, 155, 1, '2025-10-01 00:00:00');

-- ----------------------------
-- 7. 用户优惠券数据
-- ----------------------------
INSERT INTO `user_coupon` (`user_id`, `coupon_id`, `status`, `used_time`, `created_at`) VALUES
(2, 1, 1, '2025-10-10 14:30:00', '2025-10-05 10:30:00'),
(2, 4, 0, NULL, '2025-12-05 08:00:00'),
(3, 1, 1, '2025-10-15 16:00:00', '2025-10-08 14:20:00'),
(3, 2, 1, '2025-10-03 12:00:00', '2025-10-01 09:00:00'),
(4, 1, 0, NULL, '2025-10-12 09:15:00'),
(4, 3, 0, NULL, '2026-01-28 10:00:00'),
(5, 2, 1, '2025-10-05 18:00:00', '2025-10-01 08:00:00'),
(5, 5, 0, NULL, '2025-10-15 11:00:00'),
(6, 4, 0, NULL, '2025-12-10 09:30:00'),
(7, 1, 1, '2025-11-05 10:30:00', '2025-11-01 08:30:00'),
(8, 3, 0, NULL, '2026-01-30 12:00:00'),
(9, 5, 0, NULL, '2025-11-15 15:00:00'),
(10, 1, 0, NULL, '2025-11-20 11:00:00');

-- ----------------------------
-- 8. 预约数据
-- ----------------------------
INSERT INTO `reservation` (`id`, `user_id`, `lot_id`, `space_id`, `vehicle_id`, `plate_number`, `start_time`, `end_time`, `status`, `cancel_reason`, `created_at`) VALUES
(1, 2, 1, 6, 1, '豫A12345', '2025-12-20 09:00:00', '2025-12-20 17:00:00', 2, '', '2025-12-19 20:00:00'),
(2, 3, 1, 1, 3, '豫C11111', '2025-12-21 08:00:00', '2025-12-21 12:00:00', 2, '', '2025-12-20 22:00:00'),
(3, 4, 2, 21, 4, '豫A22222', '2025-12-22 10:00:00', '2025-12-22 18:00:00', 3, '临时有事', '2025-12-21 18:00:00'),
(4, 5, 4, 30, 5, '豫B33333', '2025-12-25 09:00:00', '2025-12-25 15:00:00', 2, '', '2025-12-24 15:00:00'),
(5, 6, 1, 5, 6, '豫A44444', '2026-01-05 08:00:00', '2026-01-05 16:00:00', 2, '', '2026-01-04 21:00:00'),
(6, 7, 6, 34, 7, '豫D55555', '2026-01-10 10:00:00', '2026-01-10 14:00:00', 2, '', '2026-01-09 19:00:00'),
(7, 8, 8, 44, 8, '豫A66666', '2026-01-15 07:00:00', '2026-01-15 18:00:00', 2, '', '2026-01-14 20:00:00'),
(8, 2, 7, 40, 1, '豫A12345', '2026-01-20 09:00:00', '2026-01-20 12:00:00', 2, '', '2026-01-19 21:00:00'),
(9, 9, 1, 4, 9, '豫C77777', '2026-01-25 08:00:00', '2026-01-25 17:00:00', 4, '', '2026-01-24 19:00:00'),
(10, 10, 2, 16, 10, '豫A88888', '2026-02-01 09:00:00', '2026-02-01 15:00:00', 2, '', '2026-01-31 18:00:00'),
(11, 2, 1, 1, 1, '豫A12345', '2026-02-10 08:00:00', '2026-02-10 18:00:00', 0, '', '2026-02-07 10:00:00'),
(12, 3, 4, 25, 3, '豫C11111', '2026-02-12 09:00:00', '2026-02-12 14:00:00', 0, '', '2026-02-07 11:00:00'),
(13, 5, 6, 35, 5, '豫B33333', '2026-02-08 10:00:00', '2026-02-08 16:00:00', 1, '', '2026-02-07 08:00:00'),
(14, 4, 1, 7, 4, '豫A22222', '2026-02-09 08:00:00', '2026-02-09 12:00:00', 0, '', '2026-02-07 09:00:00'),
(15, 7, 7, 41, 7, '豫D55555', '2026-02-15 10:00:00', '2026-02-15 16:00:00', 0, '', '2026-02-07 12:00:00');

-- ----------------------------
-- 9. 停车订单数据
-- ----------------------------
INSERT INTO `parking_order` (`id`, `order_no`, `user_id`, `lot_id`, `space_id`, `vehicle_id`, `plate_number`, `reservation_id`, `entry_time`, `exit_time`, `duration`, `amount`, `discount_amount`, `actual_amount`, `payment_status`, `order_status`, `entry_code`, `created_at`) VALUES
(1, 'PO20251220001', 2, 1, 6, 1, '豫A12345', 1, '2025-12-20 08:55:00', '2025-12-20 16:30:00', 455, 40.00, 5.00, 35.00, 1, 2, '', '2025-12-20 08:55:00'),
(2, 'PO20251221001', 3, 1, 1, 3, '豫C11111', 2, '2025-12-21 07:50:00', '2025-12-21 11:45:00', 235, 23.00, 0.00, 23.00, 1, 2, '', '2025-12-21 07:50:00'),
(3, 'PO20251225001', 5, 4, 30, 5, '豫B33333', 4, '2025-12-25 08:55:00', '2025-12-25 14:30:00', 335, 20.00, 0.00, 20.00, 1, 2, '', '2025-12-25 08:55:00'),
(4, 'PO20260105001', 6, 1, 5, 6, '豫A44444', 5, '2026-01-05 08:10:00', '2026-01-05 15:40:00', 450, 38.00, 0.00, 38.00, 1, 2, '', '2026-01-05 08:10:00'),
(5, 'PO20260110001', 7, 6, 34, 7, '豫D55555', 6, '2026-01-10 10:05:00', '2026-01-10 13:50:00', 225, 0.00, 0.00, 0.00, 1, 2, '', '2026-01-10 10:05:00'),
(6, 'PO20260115001', 8, 8, 44, 8, '豫A66666', 7, '2026-01-15 07:10:00', '2026-01-15 17:40:00', 630, 20.00, 0.00, 20.00, 1, 2, '', '2026-01-15 07:10:00'),
(7, 'PO20260120001', 2, 7, 40, 1, '豫A12345', 8, '2026-01-20 09:05:00', '2026-01-20 11:50:00', 165, 8.00, 0.00, 8.00, 1, 2, '', '2026-01-20 09:05:00'),
(8, 'PO20260201001', 10, 2, 16, 10, '豫A88888', 10, '2026-02-01 09:10:00', '2026-02-01 14:40:00', 330, 26.00, 0.00, 26.00, 1, 2, '', '2026-02-01 09:10:00'),
(9, 'PO20251228001', 4, 1, 3, 4, '豫A22222', NULL, '2025-12-28 09:00:00', '2025-12-28 13:20:00', 260, 28.00, 0.00, 28.00, 1, 2, '', '2025-12-28 09:00:00'),
(10, 'PO20260102001', 2, 2, 17, 2, '豫A67890', NULL, '2026-01-02 10:00:00', '2026-01-02 16:30:00', 390, 30.00, 10.00, 20.00, 1, 2, '', '2026-01-02 10:00:00'),
(11, 'PO20260118001', 9, 1, 13, 9, '豫C77777', NULL, '2026-01-18 08:30:00', '2026-01-18 15:00:00', 390, 35.00, 0.00, 35.00, 1, 2, '', '2026-01-18 08:30:00'),
(12, 'PO20260125001', 3, 6, 35, 3, '豫C11111', NULL, '2026-01-25 09:00:00', '2026-01-25 13:30:00', 270, 0.00, 0.00, 0.00, 1, 2, '', '2026-01-25 09:00:00'),
(13, 'PO20260130001', 5, 7, 42, 5, '豫B33333', NULL, '2026-01-30 10:00:00', '2026-01-30 14:00:00', 240, 12.00, 0.00, 12.00, 1, 2, '', '2026-01-30 10:00:00'),
(14, 'PO20260203001', 6, 1, 9, 6, '豫A44444', NULL, '2026-02-03 08:00:00', '2026-02-03 17:00:00', 540, 50.00, 0.00, 50.00, 1, 2, '', '2026-02-03 08:00:00'),
(15, 'PO20260205001', 8, 4, 26, 8, '豫A66666', NULL, '2026-02-05 09:30:00', '2026-02-05 12:30:00', 180, 14.00, 0.00, 14.00, 1, 2, '', '2026-02-05 09:30:00'),
-- 当前进行中的订单
(16, 'PO20260207001', 2, 1, 3, 1, '豫A12345', NULL, '2026-02-07 08:30:00', NULL, 0, 0.00, 0.00, 0.00, 0, 0, '', '2026-02-07 08:30:00'),
(17, 'PO20260207002', 3, 2, 17, 3, '豫C11111', NULL, '2026-02-07 09:15:00', NULL, 0, 0.00, 0.00, 0.00, 0, 0, '', '2026-02-07 09:15:00'),
(18, 'PO20260207003', 5, 1, 14, 5, '豫B33333', NULL, '2026-02-07 07:45:00', NULL, 0, 0.00, 0.00, 0.00, 0, 0, '', '2026-02-07 07:45:00'),
-- 异常订单
(19, 'PO20260131001', 7, 1, 8, 7, '豫D55555', NULL, '2026-01-31 10:00:00', '2026-01-31 18:00:00', 480, 38.00, 0.00, 38.00, 0, 3, '', '2026-01-31 10:00:00'),
(20, 'PO20260204001', 4, 2, 18, 4, '豫A22222', NULL, '2026-02-04 08:00:00', '2026-02-04 20:00:00', 720, 40.00, 0.00, 40.00, 0, 3, '', '2026-02-04 08:00:00');

-- ----------------------------
-- 10. 支付流水数据
-- ----------------------------
INSERT INTO `payment` (`order_id`, `payment_no`, `amount`, `payment_method`, `payment_status`, `payment_time`, `created_at`) VALUES
(1, 'PAY20251220001', 35.00, 1, 1, '2025-12-20 16:35:00', '2025-12-20 16:35:00'),
(2, 'PAY20251221001', 23.00, 2, 1, '2025-12-21 11:50:00', '2025-12-21 11:50:00'),
(3, 'PAY20251225001', 20.00, 1, 1, '2025-12-25 14:35:00', '2025-12-25 14:35:00'),
(4, 'PAY20260105001', 38.00, 1, 1, '2026-01-05 15:45:00', '2026-01-05 15:45:00'),
(5, 'PAY20260110001', 0.00, 1, 1, '2026-01-10 13:55:00', '2026-01-10 13:55:00'),
(6, 'PAY20260115001', 20.00, 2, 1, '2026-01-15 17:45:00', '2026-01-15 17:45:00'),
(7, 'PAY20260120001', 8.00, 1, 1, '2026-01-20 11:55:00', '2026-01-20 11:55:00'),
(8, 'PAY20260201001', 26.00, 1, 1, '2026-02-01 14:45:00', '2026-02-01 14:45:00'),
(9, 'PAY20251228001', 28.00, 2, 1, '2025-12-28 13:25:00', '2025-12-28 13:25:00'),
(10, 'PAY20260102001', 20.00, 1, 1, '2026-01-02 16:35:00', '2026-01-02 16:35:00'),
(11, 'PAY20260118001', 35.00, 1, 1, '2026-01-18 15:05:00', '2026-01-18 15:05:00'),
(12, 'PAY20260125001', 0.00, 1, 1, '2026-01-25 13:35:00', '2026-01-25 13:35:00'),
(13, 'PAY20260130001', 12.00, 2, 1, '2026-01-30 14:05:00', '2026-01-30 14:05:00'),
(14, 'PAY20260203001', 50.00, 1, 1, '2026-02-03 17:05:00', '2026-02-03 17:05:00'),
(15, 'PAY20260205001', 14.00, 1, 1, '2026-02-05 12:35:00', '2026-02-05 12:35:00');

-- ----------------------------
-- 11. 黑名单数据
-- ----------------------------
INSERT INTO `blacklist` (`plate_number`, `reason`, `operator_id`, `status`, `created_at`) VALUES
('豫F00001', '多次逃费', 1, 1, '2025-11-15 10:00:00'),
('豫G00002', '恶意占用多个车位', 1, 1, '2025-12-01 14:00:00'),
('豫H00003', '损坏停车场设施', 1, 1, '2025-12-20 09:00:00'),
('豫J00004', '伪造停车凭证', 11, 1, '2026-01-05 11:00:00'),
('豫K00005', '多次未按规定停车', 11, 0, '2025-11-01 08:00:00');

-- ----------------------------
-- 12. 异常申诉数据
-- ----------------------------
INSERT INTO `appeal` (`user_id`, `order_id`, `type`, `content`, `images`, `status`, `reply`, `reply_time`, `created_at`) VALUES
(7, 19, 1, '系统显示停车费用38元，但我实际只停了6个小时，按龙门石窟东停车场的计费规则，首小时8元加5个小时每小时5元应该是33元，请核实', '', 2, '经核实，您的反馈正确，已按33元重新计费，差额5元将退还至您的账户', '2026-02-02 10:30:00', '2026-02-01 09:00:00'),
(4, 20, 3, '出场时闸机未正常抬杆，导致我被困在停车场内30分钟，请处理', '', 1, NULL, NULL, '2026-02-05 10:00:00'),
(2, 1, 1, '使用了优惠券但实际扣款金额好像不对，请帮忙核查', '', 3, '经查询，您使用的新用户首停减5元优惠券已正确抵扣，应付40元减5元等于35元，扣款无误', '2025-12-22 14:00:00', '2025-12-21 08:00:00'),
(5, 3, 4, '停车场内指示标识不清晰，找了很久才找到车位，建议改善', '', 2, '感谢您的宝贵建议，我们已安排工作人员更新停车场内的引导标识', '2025-12-28 16:00:00', '2025-12-26 09:00:00'),
(9, 11, 2, '扫码入场时二维码扫描失败，手动输入车牌后系统也无法识别', '', 0, NULL, NULL, '2026-02-06 11:00:00'),
(6, 14, 1, '停车费用偏高，我在隋唐遗址停的不应该收费这么多吧', '', 0, NULL, NULL, '2026-02-07 08:30:00');

-- ----------------------------
-- 13. 公告数据
-- ----------------------------
INSERT INTO `announcement` (`title`, `content`, `type`, `status`, `publisher_id`, `publish_time`, `created_at`) VALUES
('景区停车引导系统上线公告', '尊敬的游客朋友们，我们的景区智能停车引导系统已正式上线！您可以通过系统实时查看各停车场的空位情况，在线预约车位，扫码快速入场，享受便捷的停车体验。', 1, 1, 1, '2025-10-01 08:00:00', '2025-10-01 08:00:00'),
('国庆黄金周停车优惠活动', '国庆期间（10月1日-7日），所有停车场推出八折优惠活动！在线预约还可额外获得免费停车1小时。快来领取优惠券，享受愉快的假期旅行吧！', 3, 1, 1, '2025-09-28 10:00:00', '2025-09-28 10:00:00'),
('龙潭大峡谷停车场维护通知', '由于设施升级改造，龙潭大峡谷停车场将于2025年12月1日至12月15日暂停服务。请游客朋友们提前规划行程，给您带来不便敬请谅解。', 2, 1, 1, '2025-11-25 09:00:00', '2025-11-25 09:00:00'),
('新增充电桩车位', '为满足新能源车主的需求，龙门石窟东停车场、隋唐遗址公园停车场新增充电桩车位，欢迎新能源车主使用。', 1, 1, 11, '2025-12-10 14:00:00', '2025-12-10 14:00:00'),
('春节期间停车场运营时间调整', '2026年春节期间（1月28日-2月4日），各景区停车场运营时间统一调整为7:00-20:00，请合理安排出行时间。', 2, 1, 1, '2026-01-20 10:00:00', '2026-01-20 10:00:00'),
('系统维护公告', '系统将于2026年2月15日凌晨2:00-6:00进行例行维护升级，届时部分功能可能暂时不可用，请提前做好停车安排。', 1, 0, 1, NULL, '2026-02-06 16:00:00'),
('新用户注册送优惠券', '即日起，新注册用户可免费领取"首停减5元"优惠券一张，欢迎新朋友加入我们的智能停车系统！', 3, 1, 11, '2025-10-10 08:00:00', '2025-10-10 08:00:00'),
('停车安全温馨提示', '请广大车主停车后务必锁好车门、关好车窗，贵重物品请随身携带。景区停车场设有24小时监控，如遇紧急情况请拨打服务热线。', 2, 1, 1, '2025-11-01 10:00:00', '2025-11-01 10:00:00');
